{
    "rotation_matrix": [
        [
            0.9997438822804248,
            0.018864442578705332,
            -0.012502105784973232
        ],
        [
            0.018864442578705332,
            -0.3894672902587408,
            0.9208470897085512
        ],
        [
            0.012502105784973232,
            -0.9208470897085512,
            -0.3897234079783159
        ]
    ],
    "rotation_center": [
        0,
        0,
        0
    ],
    "centroid": [
        0.07551779427905012,
        0.4314806061622267,
        -0.4074897308877312
    ],
    "target_dim": [
        0.16513755768745236,
        0.15313224315335844,
        0.05646487798763433
    ],
    "box_points": [
        [
            -0.0825687788437262,
            -0.07656612157667914,
            -0.028232438993817166
        ],
        [
            0.08256877884372618,
            -0.07656612157667914,
            -0.028232438993817166
        ],
        [
            -0.0825687788437262,
            0.0765661215766793,
            -0.028232438993817166
        ],
        [
            -0.0825687788437262,
            -0.07656612157667914,
            0.028232438993817166
        ],
        [
            0.08256877884372618,
            0.0765661215766793,
            0.028232438993817166
        ],
        [
            -0.08256877884372618,
            0.0765661215766793,
            0.028232438993817166
        ],
        [
            0.08256877884372618,
            -0.07656612157667914,
            0.028232438993817166
        ],
        [
            0.08256877884372618,
            0.0765661215766793,
            -0.028232438993817166
        ]
    ]
}