{
    "center": [
        -0.27307048546940416,
        0.10979040363617822,
        0.020344066117864767
    ],
    "aabb": [
        [
            -0.33182090264418984,
            0.06108353744946843,
            -0.023309058228953017
        ],
        [
            -0.21432006829461847,
            0.06108353744946843,
            -0.023309058228953017
        ],
        [
            -0.33182090264418984,
            0.15849726982288803,
            -0.023309058228953017
        ],
        [
            -0.33182090264418984,
            0.06108353744946843,
            0.06399719046468255
        ],
        [
            -0.21432006829461847,
            0.15849726982288803,
            0.06399719046468255
        ],
        [
            -0.33182090264418984,
            0.15849726982288803,
            0.06399719046468255
        ],
        [
            -0.21432006829461847,
            0.06108353744946843,
            0.06399719046468255
        ],
        [
            -0.21432006829461847,
            0.15849726982288803,
            -0.023309058228953017
        ]
    ]
}